{"cameraMode":{"drawMode":0,"name":"Shaded","section":"Shading Mode"},"sceneLighting":true,"audioPlay":false,"sceneViewState":{"m_AlwaysRefresh":false,"showFog":true,"showSkybox":true,"showFlares":true,"showImageEffects":true,"showParticleSystems":true,"showVisualEffectGraphs":true,"m_FxEnabled":true},"in2DMode":false,"pivot":{"x":320.8278503417969,"y":5.7235870361328129,"z":340.5699462890625},"rotation":{"x":0.04152420908212662,"y":-0.9535238146781921,"z":0.2553379535675049,"w":0.15592585504055024},"size":7.7703351974487309,"orthographic":false}